total_delinquent,lat,long
24077.75,37.540759,-77.433932
8930.14,37.555928,-77.465753
2201.29,37.547155,-77.47425
340.45,37.536891,-77.409705
526.87,37.531645,-77.407514
67.64,37.540759,-77.433932
1080.53,37.469382,-77.439528
6232.07,37.540759,-77.433932
65.44,37.540759,-77.433932
1060.48,37.577719,-77.427783
123.51,37.532272,-77.399407
892.13,37.506313,-77.443812
245.09,37.556587,-77.451028
103.14,37.479272,-77.450988
12.66,37.536453,-77.411335
668.83,37.524744,-77.403655
77.32,37.582652,-77.419014
340.26,37.512515,-77.396518
2796.35,37.47684,-77.466267
62.09,37.506654,-77.51008
30.6,37.540759,-77.433932
597.86,37.481942,-77.479354
1194.1,37.582194,-77.434764
1907.04,37.579625,-77.416629
231.95,37.542134,-77.403047
1299.08,37.552616,-77.413546
208.26,37.550292,-77.408638
1080.81,37.547022,-77.409854
1271.02,37.5818,-77.421873
974.32,37.531987,-77.544643
1440.97,37.532989,-77.40524
1147.16,37.478963,-77.497789
121.64,37.513591,-77.46093
1831.89,37.572229,-77.435027
115.01,37.518905,-77.394987
1922.55,37.533174,-77.399438
265.45,37.517209,-77.444859
1551.39,37.514773,-77.454578
1086.06,37.574034,-77.437271
510.89,37.541906,-77.413115
1043.63,37.545668,-77.408293
17073.48,37.539335,-77.435941
36.89,37.510791,-77.402957
908.06,37.542943,-77.416639
1534.73,37.580284,-77.419058
759.1,37.551119,-77.411917
1881.23,37.518688,-77.393294
56.12,37.509938,-77.402838
285.54,37.513711,-77.452804
934.25,37.501848,-77.442929
255.54,37.549039,-77.409184
2017.49,37.508681,-77.514456
1293.48,37.471229,-77.478973
326.13,37.529987,-77.407482
895.98,37.476554,-77.439674
157.13,37.515928,-77.453852
60.24,37.532281,-77.399352
1198.19,37.475043,-77.481561
335.7,37.514205,-77.446058
1089.54,37.464102,-77.453653
284.53,37.546336,-77.41482
519.84,37.549302,-77.400629
476.41,37.511433,-77.396974
662.53,37.499682,-77.475764
1832.77,37.514934,-77.449676
83.29,37.562868,-77.433239
3534.86,37.54515,-77.588377
335.7,37.51815,-77.444876
297.54,37.528566,-77.517996
1654.61,37.483523,-77.495647
902.18,37.533394,-77.430583
360.87,37.521562,-77.507179
132.8,37.555403,-77.44137
97.8,37.520849,-77.450123
520.72,37.477319,-77.440756
180.57,37.514456,-77.452207
2869.27,37.571564,-77.434126
194.27,37.550292,-77.408638
193.48,37.583359,-77.434869
448.85,37.51165,-77.395234
87.57,37.529796,-77.400627
641.04,37.476462,-77.437876
217.27,37.517167,-77.454514
284.9,37.579868,-77.424343
1107.17,37.543136,-77.407853
380.24,37.595251,-77.450504
2017.49,37.553704,-77.420009
774.61,37.51712,-77.44923
1346.61,37.541494,-77.530116
526.04,37.548309,-77.413645
28.2,37.552477,-77.545222
63.24,37.532281,-77.399352
1727.01,37.532878,-77.401048
386.79,37.470363,-77.479704
1426.14,37.491365,-77.47661
875.3,37.485578,-77.444852
379.54,37.534167,-77.403486
105.74,37.577443,-77.425608
279.68,37.492256,-77.444679
35.97,37.50594,-77.459037
1460.38,37.499091,-77.461587
711.43,37.462339,-77.446231
806.04,37.506728,-77.4642
650.51,37.578074,-77.427002
379.54,37.538926,-77.408979
68.63,37.548732,-77.421798
1784.26,37.547293,-77.411602
1745.98,37.508227,-77.463407
30.14,37.493423,-77.44051
1441.93,37.522732,-77.510382
834.3,37.530993,-77.469046
1989.09,37.516646,-77.447862
1089.54,37.569781,-77.410555
137.02,37.548105,-77.409469
542.43,37.517024,-77.457322
217.27,37.504693,-77.467385
30.6,37.54647,-77.410382
1038.04,37.561467,-77.454998
826.03,37.53327,-77.403879
158.08,37.50766,-77.448597
1922.55,37.575552,-77.437147
446.55,37.537802,-77.414495
530.21,37.493689,-77.437022
30.93,37.486403,-77.510691
2116.86,37.487038,-77.499079
466.85,37.540759,-77.433932
329.54,37.485606,-77.49246
739.81,37.550294,-77.412408
1054.22,37.477613,-77.441486
125.46,37.512465,-77.459165
1847.13,37.494208,-77.508919
102.82,37.48246,-77.441035
206.38,37.582518,-77.433601
204.32,37.493384,-77.441216
178.27,37.543752,-77.402925
1299.08,37.511118,-77.39525
1577.4,37.485867,-77.489744
3990.78,37.586871,-77.525431
1563.2,37.514613,-77.501896
1084.87,37.524256,-77.404778
437.65,37.542448,-77.412808
352.82,37.574058,-77.41794
1023.74,37.50107,-77.491751
39.54,37.555312,-77.438643
922.13,37.521596,-77.449666
1190.74,37.54692,-77.408526
1450.8,37.489737,-77.503017
220.51,37.502839,-77.437787
261.78,37.476142,-77.463242
234.56,37.514995,-77.449738
873.35,37.48195,-77.453684
297.54,37.509052,-77.443585
235.05,37.570522,-77.416254
257.76,37.549865,-77.406837
1817.94,37.513913,-77.512057
952.76,37.481845,-77.477574
466.05,37.512574,-77.461337
132.86,37.590218,-77.443826
93.08,37.537945,-77.412809
25.82,37.541289,-77.465533
1412.15,37.493295,-77.443177
1069.35,37.537841,-77.405731
672.77,37.537966,-77.409894
169.12,37.512058,-77.459053
981.16,37.54935,-77.411693
1714.56,37.540759,-77.433932
4901.13,37.568117,-77.415143
3133.56,37.559231,-77.423618
604.47,37.512058,-77.459053
158.94,37.562381,-77.453614
1861.32,37.519305,-77.40391
567.08,37.512574,-77.461337
392.74,37.530924,-77.397266
2506.57,37.568468,-77.416391
103.14,37.47959,-77.450959
255.05,37.539003,-77.410352
307.98,37.536006,-77.407476
345.06,37.517237,-77.456796
245.09,37.464532,-77.444898
11362.9,37.538319,-77.411011
51.72,37.536628,-77.403992
1866.54,37.516032,-77.40132
702.33,37.54633,-77.419074
283.25,37.544734,-77.410592
1271.38,37.538409,-77.405202
410.74,37.555931,-77.445558
81.72,37.551552,-77.448225
474.9,37.54833,-77.412319
2221.92,37.573731,-77.429062
360.13,37.466072,-77.439469
1071.81,37.465901,-77.446125
1066.33,37.579333,-77.42232
201.26,37.50208,-77.435797
150.57,37.472616,-77.438902
1776.96,37.576043,-77.427934
150.27,37.556032,-77.437108
77.69,37.532281,-77.399352
1037.94,37.561405,-77.453537
1302.04,37.510615,-77.467109
824.8,37.474015,-77.443722
2000.12,37.527722,-77.40397
1185.62,37.512541,-77.452275
191.2,37.579925,-77.428235
233.31,37.470986,-77.442752
180.57,37.532281,-77.399352
62.09,37.473057,-77.441578
1300.79,37.559785,-77.433906
592.42,37.540759,-77.433932
720.6,37.499375,-77.458476
785.5,37.533986,-77.532694
698.32,37.558428,-77.433934
1482.91,37.533049,-77.400117
1449.64,37.485803,-77.50423
2979.38,37.571507,-77.448098
182.35,37.513203,-77.462857
861.02,37.51328,-77.512652
1483.84,37.590396,-77.438717
1750.6,37.466336,-77.47328
1035.69,37.536266,-77.404335
1481.27,37.516476,-77.4477
1208.05,37.532517,-77.410827
73.82,37.48494,-77.438193
432.03,37.570603,-77.414293
1636.98,37.544789,-77.409132
2574.08,37.53048,-77.399846
2240.88,37.54124,-77.465386
422.03,37.545746,-77.399468
1319.1,37.573543,-77.425712
1634.19,37.569723,-77.416433
2281.96,37.579978,-77.419304
754.02,37.492343,-77.443169
194.27,37.547379,-77.418517
344.47,37.581673,-77.424558
185.17,37.518554,-77.450907
62.09,37.536025,-77.538457
86.79,37.475554,-77.474006
365.51,37.487993,-77.474163
3593.27,37.524481,-77.482492
770.55,37.520276,-77.508929
245.09,37.544534,-77.402172
753.91,37.515541,-77.448371
136.21,37.523324,-77.447822
819.22,37.574564,-77.41454
3261.6,37.545682,-77.470097
12.71,37.51571,-77.469885
2066.56,37.569934,-77.413141
1236.67,37.504918,-77.483659
1110.96,37.540918,-77.407126
9.75,37.570737,-77.484075
855.79,37.539856,-77.410975
1142.51,37.550924,-77.413235
494.61,37.481134,-77.458697
90.23,37.5689,-77.414284
288.26,37.481941,-77.447499
2033.78,37.510653,-77.513427
846.96,37.533152,-77.40552
308.47,37.514559,-77.445476
417.51,37.563079,-77.424773
245.09,37.549225,-77.407736
180.57,37.475442,-77.438922
3266.77,37.529271,-77.511365
277.55,37.499999,-77.443987
386.64,37.579721,-77.427118
1021.17,37.546154,-77.399604
1317.56,37.538318,-77.419669
471.3,37.591391,-77.441949
102.02,37.483483,-77.479236
270.63,37.466158,-77.445071
572.98,37.537195,-77.419561
1616.76,37.546745,-77.413297
1197.58,37.535317,-77.403813
94.86,37.501183,-77.440365
340.26,37.540506,-77.411788
547.88,37.510162,-77.397689
218.52,37.551839,-77.437422
1228.79,37.552183,-77.414521
178.54,37.511504,-77.463504
86.72,37.483849,-77.439427
1194.1,37.544705,-77.403422
476.87,37.569801,-77.410484
120.94,37.484767,-77.439231
1782.94,37.473452,-77.48387
31.13,37.512356,-77.459136
883.06,37.505051,-77.470713
121.64,37.511433,-77.396974
668.83,37.567007,-77.434432
36.89,37.545705,-77.411114
2060.07,37.523923,-77.49823
631.34,37.571122,-77.433934
143.02,37.511318,-77.463498
1245.18,37.516363,-77.449141
452.59,37.588876,-77.444691
70.74,37.535014,-77.405518
147.93,37.503127,-77.465895
2143.32,37.479214,-77.482471
1094.73,37.578588,-77.422888
3550.68,37.551351,-77.471767
782.4,37.50634,-77.462674
233.02,37.540759,-77.433932
1154.48,37.54013,-77.518736
153.07,37.57738,-77.413875
509.11,37.577885,-77.417995
1209.05,37.514562,-77.404891
412.41,37.499999,-77.443987
699.35,37.550626,-77.416143
776.25,37.500494,-77.43917
281.67,37.570785,-77.421881
1798.45,37.570801,-77.424667
128.5,37.480284,-77.441965
2878.86,37.553961,-77.417992
914.22,37.487511,-77.442562
409.27,37.477847,-77.452198
333.84,37.511055,-77.461323
1410.64,37.502541,-77.512806
1372.08,37.477309,-77.446322
2219.12,37.568955,-77.443004
137.53,37.53956,-77.411271
384.71,37.577919,-77.419404
1712.8,37.502754,-77.46458
222.74,37.569801,-77.410484
334.63,37.503766,-77.438279
1442.72,37.465093,-77.477642
768.21,37.477308,-77.446285
30,37.542425,-77.468763
113.43,37.577443,-77.425608
1636.83,37.476455,-77.441974
265.05,37.508279,-77.398392
191.2,37.5733,-77.415531
1683.28,37.518687,-77.500189
265.05,37.537449,-77.403216
5907.28,37.556712,-77.53387
930.59,37.552688,-77.419688
1112.18,37.569841,-77.413433
255.05,37.576811,-77.424411
105.74,37.554336,-77.414926
73.55,37.56092,-77.422301
32.31,37.533068,-77.42213
862.36,37.513569,-77.453472
102.02,37.555409,-77.441499
1705.16,37.520333,-77.445066
924.37,37.485514,-77.440987
335.09,37.535919,-77.401775
526.87,37.551543,-77.447321
294.2,37.576908,-77.425637
3501.2,37.552323,-77.450895
1407.41,37.493339,-77.474407
1392.85,37.506846,-77.471495
938.56,37.476138,-77.436738
1317.2,37.537627,-77.41452
281.49,37.540759,-77.433932
793.07,37.466149,-77.445229
73.14,37.484767,-77.439231
3480.6,37.538025,-77.522418
1991.68,37.516841,-77.455379
84.85,37.588772,-77.526397
36.57,37.557736,-77.424782
194.54,37.562077,-77.453163
392.74,37.511433,-77.396974
6498.79,37.567112,-77.434233
2933.57,37.547898,-77.456576
648.06,37.539226,-77.407248
56.12,37.482475,-77.486143
194.54,37.512212,-77.463481
3068.97,37.484685,-77.474152
1252.52,37.543768,-77.462109
214.6,37.493591,-77.438175
194.27,37.516951,-77.457502
297.54,37.508287,-77.398604
166.84,37.578527,-77.417491
38995.95,37.547325,-77.437527
34.09,37.541883,-77.409089
54.55,37.549704,-77.432476
1009.96,37.509886,-77.476966
47.32,37.539195,-77.521309
1350.67,37.506381,-77.464739
131.6,37.550519,-77.433179
724.02,37.53327,-77.403879
59.17,37.568513,-77.4157
1654.61,37.541455,-77.416617
1662.58,37.509456,-77.465862
37.19,37.515593,-77.458437
356.52,37.515248,-77.447655
3070.48,37.533086,-77.41601
1787.08,37.512793,-77.446592
86.09,37.498993,-77.514433
366.36,37.519146,-77.438306
1104.75,37.592282,-77.439927
255.05,37.542134,-77.403047
245.09,37.562077,-77.453163
1714.85,37.492274,-77.444378
3458.31,37.54486,-77.470595
597.86,37.574456,-77.413439
86.64,37.546344,-77.419108
1575.75,37.54532,-77.415471
474.45,37.517049,-77.4447
594.11,37.554639,-77.45135
11579.77,37.564972,-77.456924
1118.08,37.579886,-77.423839
185.17,37.555293,-77.43793
194.27,37.561031,-77.474277
137.02,37.508369,-77.396501
3795,37.571639,-77.523706
2977.35,37.487437,-77.463142
128.94,37.530422,-77.400181
2015.62,37.531112,-77.407866
567.89,37.524744,-77.403655
1632.77,37.480159,-77.492435
1492.22,37.51841,-77.445121
1100.03,37.542599,-77.41553
533.99,37.468933,-77.440671
4058.27,37.548708,-77.549319
5791.5,37.54515,-77.588377
583.65,37.461715,-77.446108
1290.77,37.545694,-77.418496
67.64,37.548782,-77.421682
256.44,37.512734,-77.465272
1024.84,37.577719,-77.427783
104.55,37.576482,-77.423864
63.48,37.572067,-77.508211
853.39,37.548091,-77.416225
1094.73,37.512771,-77.446626
8820.27,37.461754,-77.49137
85.09,37.554985,-77.441031
35.48,37.546391,-77.438667
194.27,37.546336,-77.41482
23.64,37.532612,-77.417892
450.21,37.561837,-77.421582
61.42,37.466072,-77.439469
347.9,37.56644,-77.447481
186.33,37.555409,-77.441499
992.51,37.516951,-77.457502
353.47,37.550794,-77.448307
886.28,37.492699,-77.478628
2353.43,37.571111,-77.435126
324.74,37.523324,-77.447822
230.43,37.572209,-77.419393
2070.42,37.53481,-77.399824
948.26,37.47971,-77.433947
294.2,37.579925,-77.428235
1567.16,37.515541,-77.448371
212.39,37.481886,-77.463107
960.76,37.551027,-77.410631
457.97,37.518688,-77.393294
568.32,37.555683,-77.451204
1503.7,37.488884,-77.481023
2501.21,37.571871,-77.413733
85.19,37.549652,-77.431166
297.55,37.550061,-77.407673
454.49,37.539635,-77.411196
1878.83,37.538734,-77.471655
131.02,37.518554,-77.450907
3050.58,37.552064,-77.428805
1632.11,37.518359,-77.401033
1465.28,37.578877,-77.508948
847.38,37.576889,-77.418778
326.9,37.535472,-77.429726
2077.68,37.567172,-77.440557
67.64,37.552729,-77.419396
420.81,37.575011,-77.432475
330.67,37.464259,-77.448198
97.74,37.468446,-77.439714
759.1,37.533986,-77.532694
201.26,37.5084,-77.446576
105.39,37.591111,-77.438274
1747.75,37.571231,-77.420939
2853.3,37.513739,-77.448156
800.16,37.515191,-77.449936
5460.58,37.584363,-77.453166
1627.81,37.508946,-77.475744
2528.55,37.541469,-77.533201
2655.02,37.569444,-77.420255
233.02,37.549914,-77.407031
1239.98,37.513768,-77.400617
756.09,37.529924,-77.401825
95.82,37.563439,-77.416813
455.77,37.552927,-77.413368
2370.28,37.536485,-77.469487
2128.32,37.572229,-77.435027
706.94,37.542249,-77.401467
1960.7,37.534095,-77.399286
35.69,37.582705,-77.422192
33.29,37.49927,-77.515591
1271.69,37.504171,-77.445396
28.2,37.482506,-77.471934
292.54,37.544332,-77.402365
61.05,37.548712,-77.421888
1745.62,37.511209,-77.464717
1030.41,37.474129,-77.443734
593.17,37.537195,-77.419561
2796.35,37.51527,-77.400446
46.72,37.529263,-77.413954
244.27,37.519888,-77.394104
10183.75,37.53269,-77.427251
2381.48,37.570285,-77.446816
2174.39,37.530634,-77.409738
55.91,37.547049,-77.554074
90.23,37.514868,-77.391713
1208.3,37.480939,-77.47292
1346.61,37.481186,-77.462226
1590.68,37.580893,-77.423735
1885.42,37.58051,-77.433535
774.61,37.545668,-77.406875
1778.47,37.579231,-77.431914
1730.04,37.519969,-77.393963
37.19,37.55394,-77.45039
3380.34,37.529713,-77.420144
194.27,37.472263,-77.496295
938.56,37.470996,-77.439611
5,37.540759,-77.433932
1658.83,37.46246,-77.485214
1186.94,37.546154,-77.399604
55.71,37.547988,-77.458654
810.79,37.550017,-77.557296
895.28,37.505029,-77.445839
180.43,37.537983,-77.522969
62.09,37.530873,-77.408088
642.91,37.548732,-77.421798
28.2,37.551204,-77.4855
2244.63,37.495432,-77.513256
77.69,37.555124,-77.433468
1747.26,37.506972,-77.440848
141.46,37.523324,-77.447822
36.89,37.577235,-77.425613
301.44,37.48446,-77.440104
511.62,37.520195,-77.494019
201.26,37.517237,-77.456796
402.5,37.509936,-77.402602
1111.04,37.56326,-77.420467
88.85,37.474107,-77.445749
1631.21,37.53791,-77.415057
255.05,37.542824,-77.400095
35.69,37.542921,-77.402289
2293.69,37.514094,-77.472827
92.79,37.545838,-77.470374
1136.69,37.509938,-77.467088
141.46,37.485894,-77.510865
436.16,37.528631,-77.517756
150.57,37.561284,-77.45335
479.34,37.549078,-77.399698
508.6,37.53833,-77.417572
1825.12,37.474193,-77.446891
1899.87,37.574853,-77.490977
39.8,37.5165,-77.453189
1569.19,37.53373,-77.417696
384.9,37.573986,-77.414993
875.3,37.514453,-77.504098
2271.55,37.508681,-77.514456
1250.88,37.58051,-77.433535
190.65,37.561901,-77.452902
62.09,37.505622,-77.472715
1932,37.583151,-77.535554
103.84,37.476025,-77.432016
1170.23,37.539412,-77.414762
337.55,37.478183,-77.453256
767.56,37.545552,-77.415318
338.58,37.515652,-77.491566
62.09,37.540606,-77.532826
12.67,37.540759,-77.433932
62.09,37.536888,-77.411606
1335.38,37.567353,-77.434219
77.04,37.551358,-77.433761
313.93,37.482264,-77.467283
249.38,37.512415,-77.459152
1392.85,37.553024,-77.41618
83.29,37.52632,-77.415342
416.33,37.464556,-77.444509
1015.24,37.570966,-77.433949
920.94,37.474417,-77.443759
56.12,37.548959,-77.421307
318.55,37.512782,-77.39968
116.03,37.478485,-77.508175
1119.69,37.508148,-77.442971
3700.45,37.538153,-77.583537
307.98,37.54175,-77.404856
1012.18,37.569081,-77.409886
194.27,37.514844,-77.45217
1046.97,37.535795,-77.404783
273.66,37.494397,-77.440273
30.6,37.540759,-77.433932
1143.95,37.539646,-77.416895
226.12,37.549018,-77.409082
384.76,37.522132,-77.39627
302.99,37.546397,-77.396843
1222.5,37.537816,-77.411221
466.85,37.53519,-77.405352
11316.08,37.502614,-77.519282
1525.29,37.477308,-77.446285
1294.18,37.578977,-77.508874
1071.94,37.515188,-77.463015
178.36,37.518554,-77.450907
437.4,37.493423,-77.44051
798.12,37.539147,-77.410216
676.51,37.535213,-77.408845
850.27,37.483902,-77.490065
37.19,37.543798,-77.40288
768.21,37.470986,-77.442752
748,37.483794,-77.486926
549.55,37.539147,-77.410216
165.03,37.570971,-77.423012
30.6,37.540759,-77.433932
1447.61,37.484028,-77.504963
1038.59,37.569825,-77.410399
1822.41,37.54124,-77.465386
35.3,37.555271,-77.514422
1044.26,37.494818,-77.458891
591.84,37.562381,-77.453614
35.69,37.540759,-77.433932
549.16,37.483794,-77.470891
877.68,37.545606,-77.399637
54.55,37.474107,-77.445749
385.05,37.532246,-77.394197
2073.74,37.54633,-77.419074
1550.24,37.50896,-77.507244
95.82,37.538951,-77.526126
2185.54,37.512348,-77.462662
180.57,37.512168,-77.46254
381.3,37.482808,-77.448102
975.6,37.512384,-77.462447
1548.61,37.576882,-77.425006
2500.15,37.566055,-77.434221
309.23,37.511606,-77.40069
1548.36,37.572084,-77.411396
2043.11,37.482693,-77.473941
512.51,37.578082,-77.419275
1224.47,37.487993,-77.474163
2332.96,37.52407,-77.4535
255.05,37.543609,-77.402429
746.43,37.510886,-77.395255
1227.87,37.512168,-77.46254
2620.07,37.559785,-77.433906
1337.66,37.549137,-77.52361
209.14,37.579721,-77.427118
511.61,37.545792,-77.41103
245.09,37.549154,-77.407441
787.71,37.505606,-77.463817
73.82,37.571735,-77.433883
307.98,37.535014,-77.405518
307.54,37.537449,-77.403216
2042.91,37.576093,-77.425494
860.99,37.504072,-77.466139
25.82,37.480297,-77.441646
36.89,37.525977,-77.495563
1078.34,37.50506,-77.443948
1387.59,37.478134,-77.464587
2188.25,37.525935,-77.404238
219.28,37.491243,-77.490771
500.23,37.5733,-77.415531
1407.05,37.478478,-77.471733
526.87,37.532857,-77.401161
895.98,37.567497,-77.424599
1350.27,37.539741,-77.403913
1740.17,37.514562,-77.404891
28.2,37.532378,-77.40953
296.57,37.545483,-77.401256
310.06,37.476452,-77.442147
2553.52,37.515349,-77.448762
2449.28,37.518359,-77.401207
300.63,37.549591,-77.41483
1003.15,37.462347,-77.449025
605.04,37.539635,-77.411196
1137.3,37.581164,-77.432823
1139.01,37.500311,-77.442734
326.52,37.496031,-77.4955
549.85,37.535213,-77.408845
593.17,37.536006,-77.407476
3063.54,37.550243,-77.475051
1478.03,37.535501,-77.521974
238.03,37.517386,-77.450816
683.02,37.579714,-77.427291
1637.17,37.545668,-77.408293
1307.67,37.516398,-77.447625
88.85,37.551982,-77.417632
260.65,37.551284,-77.414869
297.55,37.512208,-77.398234
2557.57,37.574697,-77.431325
1982.64,37.509872,-77.39825
2061.78,37.476882,-77.476571
917.93,37.508804,-77.441957
302.99,37.543054,-77.405012
224.63,37.517386,-77.450816
1389.71,37.488144,-77.472073
180.57,37.470021,-77.43933
1236.67,37.571427,-77.412636
697.23,37.512384,-77.462447
1882.73,37.578558,-77.420433
178.54,37.4876,-77.442565
1442.72,37.571871,-77.413733
2557.14,37.518906,-77.449978
1867.43,37.532101,-77.469581
3266.36,37.595798,-77.454272
8034.54,37.548926,-77.457377
153.07,37.507604,-77.397625
970.89,37.578058,-77.421918
1301.44,37.50074,-77.463371
1922.95,37.483842,-77.464265
3280.05,37.550986,-77.489323
3139,37.568946,-77.444584
824.24,37.5084,-77.446576
681.53,37.511742,-77.439393
255.05,37.499683,-77.462629
836.35,37.546203,-77.418769
4642.94,37.540759,-77.433932
3809.03,37.524481,-77.482492
873.01,37.546805,-77.408633
754.02,37.500426,-77.441398
531.43,37.545322,-77.404282
641.15,37.475406,-77.433192
248.93,37.550477,-77.475709
1142.51,37.503229,-77.495037
30.27,37.53935,-77.419447
277.74,37.510528,-77.471213
43.65,37.495473,-77.438135
4210.48,37.561336,-77.468295
1407.05,37.519796,-77.499636
427.51,37.535621,-77.407602
506.79,37.481203,-77.466087
1992.71,37.536025,-77.471678
650.51,37.548986,-77.440001
625.77,37.54633,-77.419074
1318.96,37.509984,-77.461316
152.64,37.544332,-77.402365
619.48,37.474129,-77.443734
1208.3,37.579075,-77.431241
1075.53,37.514476,-77.443993
2294.86,37.523412,-77.4446
813.19,37.547703,-77.4004
386.79,37.504845,-77.482163
13.37,37.573428,-77.487562
178.54,37.469209,-77.440669
293.86,37.535433,-77.4073
492.84,37.54633,-77.419074
652.68,37.538319,-77.411011
1944.17,37.516032,-77.40132
494.45,37.502623,-77.4394
1160.52,37.516031,-77.404218
157.35,37.502559,-77.435733
1506.42,37.575586,-77.422257
859.97,37.470986,-77.442752
152.71,37.556032,-77.437108
95.82,37.515479,-77.396998
1366.03,37.568812,-77.420396
28.2,37.552083,-77.410005
2151.6,37.510985,-77.446076
283.35,37.533133,-77.519672
566.33,37.538419,-77.405193
11868.87,37.54633,-77.419074
707.67,37.5128,-77.396534
429.77,37.577201,-77.413997
313.93,37.539412,-77.414762
532.66,37.503925,-77.466375
304.79,37.577443,-77.425608
383.16,37.486056,-77.47358
86.79,37.570465,-77.443581
920.94,37.474477,-77.443765
1314.83,37.550641,-77.407675
600.82,37.579502,-77.430773
693.18,37.539055,-77.410303
279.88,37.533604,-77.437384
1831.89,37.540759,-77.433932
194.54,37.48312,-77.44337
2943.23,37.522105,-77.492537
572.95,37.574302,-77.429021
104.43,37.549187,-77.420863
4530.23,37.510834,-77.451358
1521.75,37.526315,-77.500044
31307.83,37.573859,-77.439576
9807.61,37.50915,-77.445373
71.42,37.509224,-77.507441
795.5,37.53052,-77.399613
856.9,37.510107,-77.445883
855.16,37.542249,-77.401467
88.97,37.512058,-77.459053
1666.43,37.512817,-77.393982
3198.87,37.522105,-77.492537
122.19,37.505479,-77.441197
1083.26,37.564304,-77.500283
497.28,37.511393,-77.44185
428.76,37.480708,-77.46114
461.3,37.535414,-77.405143
1619.98,37.464778,-77.476835
250.16,37.540759,-77.433932
971.55,37.538926,-77.408979
262.02,37.484962,-77.439183
1705.16,37.533579,-77.473415
1983.44,37.493339,-77.474407
626.21,37.492334,-77.443333
137.74,37.580174,-77.509726
17.01,37.541219,-77.470553
65.74,37.548928,-77.421369
1577.4,37.513202,-77.457579
669.83,37.532537,-77.404423
1336.76,37.532989,-77.40524
365.51,37.569444,-77.420255
425.31,37.511112,-77.461235
200.09,37.488808,-77.507054
656.47,37.48177,-77.442226
338.94,37.576908,-77.425637
741.46,37.532367,-77.41237
1096.02,37.551453,-77.415466
247.54,37.546643,-77.418405
991.79,37.543629,-77.405928
117.32,37.507604,-77.397625
109.1,37.571951,-77.436263
586.71,37.546388,-77.417294
1099.14,37.508142,-77.442979
1472.68,37.466347,-77.464327
194.54,37.482807,-77.447971
57.48,37.548884,-77.421456
297.55,37.549464,-77.408719
1038.33,37.556397,-77.429422
475.54,37.498004,-77.495314
1379.6,37.562691,-77.423795
605.98,37.51246,-77.440112
111.02,37.515532,-77.452617
1378.64,37.547248,-77.41069
101.14,37.554335,-77.414935
1804.54,37.573388,-77.43027
2262.25,37.549018,-77.409082
72.75,37.548344,-77.554454
751.42,37.482717,-77.472181
490.95,37.488855,-77.48633
289.09,37.54789,-77.415097
74.19,37.561284,-77.45335
861.2,37.570745,-77.42127
965.91,37.556596,-77.45102
258.69,37.571684,-77.421789
8574.58,37.552772,-77.479467
384.9,37.527992,-77.405052
3097.76,37.552815,-77.484835
1569.1,37.57196,-77.418076
398.55,37.5733,-77.415531
915.95,37.509891,-77.46837
2500.15,37.534109,-77.399209
471.32,37.538414,-77.464521
51.84,37.530422,-77.400181
180.57,37.511784,-77.462435
670.19,37.567022,-77.439554
74.24,37.511985,-77.507424
1413.95,37.503645,-77.462214
224.88,37.534144,-77.512689
1952.72,37.494305,-77.500653
194.27,37.505051,-77.470713
61.34,37.548813,-77.421612
2161.63,37.56347,-77.430924
103.14,37.477671,-77.451064
218.52,37.515349,-77.448762
2446.73,37.542448,-77.412808
468.09,37.541983,-77.410999
538.82,37.514864,-77.447106
180.57,37.514507,-77.452121
778,37.53748,-77.410671
194.54,37.513591,-77.46093
1009.54,37.507221,-77.467342
487.25,37.534251,-77.407721
450.08,37.513883,-77.446583
143.24,37.554985,-77.441031
1831.89,37.525935,-77.404238
194.54,37.51562,-77.458363
384.9,37.534375,-77.404728
1563.2,37.51646,-77.398669
839.19,37.481077,-77.45903
215.26,37.550292,-77.408638
3643.79,37.55123,-77.480424
1080.53,37.509855,-77.47714
88.85,37.540759,-77.433932
2301.41,37.540262,-77.417753
640.44,37.546397,-77.396843
37.19,37.521423,-77.449978
35.3,37.538011,-77.405575
1306,37.505408,-77.489254
629.03,37.508464,-77.46637
1280.65,37.481077,-77.45903
194.27,37.51276,-77.445032
2751.82,37.486147,-77.490112
389.71,37.532031,-77.411289
221.3,37.519341,-77.395086
79.43,37.577678,-77.433901
299.73,37.554207,-77.415966
60.23,37.549809,-77.418719
427.18,37.537765,-77.402918
21.37,37.537684,-77.411005
270.28,37.464769,-77.452624
124.02,37.532281,-77.399352
496.9,37.5054,-77.46362
1021.63,37.542824,-77.400095
1279.27,37.516584,-77.511495
178.54,37.547272,-77.416739
1591.6,37.499682,-77.475764
6658.97,37.522407,-77.441812
83.29,37.547419,-77.472332
624.15,37.50063,-77.436425
1750.6,37.538734,-77.471655
169.12,37.571951,-77.436263
1197.9,37.507166,-77.437837
117.5,37.532842,-77.406153
61.05,37.532281,-77.399352
464.49,37.505894,-77.459109
487.25,37.573859,-77.439576
932.12,37.581607,-77.430726
1425.05,37.50131,-77.472898
137.53,37.549225,-77.407736
2239.34,37.580503,-77.439758
294.2,37.578056,-77.426731
1915.23,37.552267,-77.448559
1512.83,37.576121,-77.515394
1616.69,37.511994,-77.442909
2080.19,37.492264,-77.444551
285.54,37.580721,-77.431786
51.72,37.548834,-77.421563
381.88,37.563398,-77.435701
296.57,37.475667,-77.474714
952.76,37.547981,-77.407533
524.44,37.509288,-77.462404
2120.9,37.568312,-77.438854
1840.89,37.481626,-77.450068
97.45,37.550169,-77.412482
976.78,37.5148,-77.497674
267.79,37.561209,-77.453234
86.72,37.484962,-77.439183
2528.31,37.580845,-77.424182
3082.21,37.553928,-77.546784
1374.68,37.507018,-77.442778
1531.18,37.550211,-77.443566
392.74,37.512409,-77.396516
1672.27,37.509924,-77.401243
365.36,37.483729,-77.448262
542.43,37.505112,-77.445706
36.89,37.537171,-77.403479
110.17,37.552628,-77.413539
454.32,37.512004,-77.475957
165.03,37.563333,-77.417474
1674.34,37.465876,-77.471963
619.48,37.539856,-77.410975
1459.96,37.53467,-77.400513
423.68,37.519888,-77.394104
97.74,37.484577,-77.439279
336.66,37.53421,-77.402739
1283.54,37.546786,-77.438035
30.6,37.506833,-77.51025
2047.9,37.484028,-77.504963
1975.21,37.483233,-77.440536
285.84,37.483849,-77.439427
975.82,37.516987,-77.457414
1707.61,37.475013,-77.477931
262.02,37.484029,-77.439392
708.5,37.515541,-77.448371
340.26,37.535795,-77.404783
198.82,37.518837,-77.458021
1144.63,37.540115,-77.409287
908.97,37.537852,-77.404244
62.09,37.539514,-77.532809
221.9,37.486396,-77.442193
985.24,37.503746,-77.43865
388.82,37.539005,-77.410963
1059.62,37.506344,-77.438216
1708.02,37.580284,-77.419058
455.89,37.558702,-77.439436
198.48,37.493384,-77.441216
123.94,37.461913,-77.491387
668.83,37.528079,-77.409292
250.99,37.482087,-77.464844
166.76,37.482526,-77.463661
538.2,37.538435,-77.412345
5367.81,37.544508,-77.589399
309.23,37.549865,-77.406837
2443.38,37.579333,-77.509129
194.27,37.477319,-77.440756
255.05,37.538848,-77.410498
36.89,37.564854,-77.415911
215.09,37.549649,-77.409462
81.72,37.581606,-77.417382
15.91,37.542942,-77.40003
844.94,37.56608,-77.447411
621.73,37.56375,-77.418608
1085.89,37.564322,-77.431966
1983,37.579505,-77.532388
95.69,37.550794,-77.448307
1006.82,37.545379,-77.418742
466.05,37.505577,-77.439045
3068.02,37.581069,-77.467946
1440.55,37.506531,-77.438403
532.07,37.514446,-77.457541
1817.94,37.578258,-77.507243
77.32,37.509938,-77.402838
612.06,37.462097,-77.446244
405.94,37.512212,-77.463481
